{
    "status": "success",
    "error": "",
    "payload": [
        {
            "title": "Blog1",
            "des": "Lorem Ipsum is simply dummy text of the printing and typesetting industry."
        },
        {
            "title": "Blog2",
            "des": "Lorem Ipsum is simply dummy text of the printing and typesetting industry."
        },
        {
            "title": "Blog3",
            "des": "Lorem Ipsum is simply dummy text of the printing and typesetting industry."
        },
        {
            "title": "Blog4",
            "des": "Lorem Ipsum is simply dummy text of the printing and typesetting industry."
        },
        {
            "title": "Blog5",
            "des": "Lorem Ipsum is simply dummy text of the printing and typesetting industry."
        },
        {
            "title": "Blog6",
            "des": "Lorem Ipsum is simply dummy text of the printing and typesetting industry."
        }
    ]
}